moneyness_bucket,n,mae,rmse,mape,smape,mean_error
S/K<=0.90,6379.0,0.012376487668692019,0.021116812554475457,0.48157659574135014,0.7609955215557891,-0.00775269843279718
0.90-0.97,12468.0,0.0172142608769125,0.027186418580175984,0.32369046852114364,0.43220269723123844,-0.00922278553824868
0.97-1.03,12085.0,0.01903001106198091,0.02767911628725894,0.22434277247462972,0.24819871160049756,-0.007287415857190188
1.03-1.10,12197.0,0.014874551623944488,0.023568676359581264,0.3110001377479888,0.4296664803245274,-0.005313614842805772
S/K>1.10,7640.0,0.00963055353848851,0.01690490287579537,0.5557124094604153,0.8310807824123662,-0.002628536632422291
