maturity_bucket,n,mae,rmse,mape,smape,mean_error
1-7d,2772.0,0.0017403740590103492,0.0031003177116200467,0.532781897990141,0.9830116694241126,-0.0011270346459587243
8-30d,9701.0,0.004572671689729339,0.00853454257512385,0.41286266221986223,0.661671618927045,-0.0020691845617957457
31-90d,17310.0,0.011764886490207627,0.017196107031962456,0.3624515043999328,0.4755675675756369,-0.004169264312614613
90d+,20986.0,0.02505113162242155,0.03411554566460765,0.2907536505725242,0.3553233113187379,-0.011533283589693721
