call_put,n,mae,rmse,mape,smape,mean_error
C,24796.0,0.013876943208921504,0.02214451900036127,0.33301896028933703,0.4601413647136387,-0.0031111560359134683
P,25973.0,0.016727538386742243,0.026411161719645648,0.3696263666179103,0.5168062622525249,-0.010020426176057409
