moneyness_bucket,n,mae,rmse,mape,smape,mean_error
S/K<=0.90,6792.0,0.017103422822852498,0.03562391805325712,0.7075239755996721,0.8535635832159514,-0.004549281961200475
0.90-0.97,12875.0,0.025203681445308983,0.041472262594896316,0.4461354642128727,0.6038294945383361,-0.012673628392486376
0.97-1.03,12437.0,0.03074143650952759,0.04563936564840507,0.36212982169810504,0.4430679833191514,-0.014241427405349536
1.03-1.10,12755.0,0.02173347210173079,0.03646751322184575,0.43392570887866616,0.6134278363893005,-0.008553706457930077
S/K>1.10,7780.0,0.012713500915978112,0.02829001585597898,0.6891439842816441,0.9530334699004666,-0.0027188004264562175
