call_put,n,mae,rmse,mape,smape,mean_error
C,25794.0,0.02101291311525101,0.03701777960424384,0.48283077560810356,0.6112590290486144,-0.006230722180022093
P,26845.0,0.024477909673282297,0.04072023318560501,0.5027167489251704,0.6911604455807526,-0.012692563477418721
