call_put,n,mae,rmse,mape,smape,mean_error
C,26016.0,0.009316440946879898,0.01369228564628241,0.2519902048210389,0.37498645572202,-0.005368177849663416
P,27033.0,0.012873164227381263,0.021410310568977287,0.2704204566417402,0.40271092104726364,-0.011791985565843169
