maturity_bucket,n,mae,rmse,mape,smape,mean_error
1-7d,2943.0,0.001560252486779462,0.002773304530501158,0.5193843243148778,0.9724385459069842,-0.0011754556654131366
8-30d,10033.0,0.003496847325921509,0.007165464325858599,0.3538020143196757,0.5990494160021532,-0.002642235648535114
31-90d,18189.0,0.007845043600655577,0.012519108621914707,0.24107014631527576,0.34855634965479027,-0.005881781844231858
90d+,21884.0,0.018644104637677683,0.025185216890189037,0.20119652739735736,0.2481306472998498,-0.0146901212981395
