moneyness_bucket,n,mae,rmse,mape,smape,mean_error
S/K<=0.90,6851.0,0.011234200858788807,0.01990796276104117,0.4343978981215533,0.7554618251168841,-0.010842968361467125
0.90-0.97,12974.0,0.01247907060203996,0.02102797993282974,0.22191132416071133,0.3002292209903372,-0.01031787195902908
0.97-1.03,12521.0,0.01263718312117579,0.019143636930660544,0.14154356144349475,0.15217153788900428,-0.00819740706644281
1.03-1.10,12863.0,0.010625886470240396,0.01592772369078241,0.22024151344044182,0.3001445908491872,-0.007623506204988926
S/K>1.10,7840.0,0.007218986815236259,0.011097073490699882,0.4343982567742446,0.7404578298123756,-0.00632412238567911
