moneyness_bucket,n,mae,rmse,mape,smape,mean_error
S/K<=0.90,6851.0,0.011300097947491722,0.01998972040801903,0.4364033047425546,0.7595001100804218,-0.010920924767511287
0.90-0.97,12974.0,0.012592540196507528,0.021172233337110435,0.22322990347380056,0.30236191075448954,-0.01048280386290732
0.97-1.03,12521.0,0.012757015828530234,0.019297240462252674,0.14249707701771527,0.1534712198414639,-0.008402071735249731
1.03-1.10,12863.0,0.010720903659420722,0.016050103122241352,0.22179155117411298,0.30261797206109164,-0.007777642788801528
S/K>1.10,7840.0,0.007268510689992857,0.011171179149574544,0.4364188077308872,0.7446411925310135,-0.006396679285195027
