call_put,n,mae,rmse,mape,smape,mean_error
C,26020.0,0.00938970415042035,0.013782990518482497,0.25321550139578,0.37720074696575545,-0.005513414142611096
P,51123.0,0.055090397104707534,0.10495697458134726,0.6150601207036688,1.1567745904530509,-0.05453511330249074
