maturity_bucket,n,mae,rmse,mape,smape,mean_error
1-7d,2943.0,0.001562616730346836,0.0027807658622205325,0.5197881376000518,0.9732068927780022,-0.0011817983658878434
8-30d,10033.0,0.003510280310689612,0.007184009663909211,0.3546172124799172,0.6008475316460745,-0.002675314325735738
31-90d,18189.0,0.007895719496351166,0.012578656741135725,0.24243658226417517,0.35115695320913143,-0.0059846012193584775
90d+,21884.0,0.018825563197028116,0.02537371429058828,0.2032228070092703,0.25126616521742073,-0.014944521343680245
