volatility_input,n,mean_crr_minus_eqp,mean_abs_difference,max_abs_difference
hist_vol_5d,56728,1.0727405500274943e-07,0.00011523887143043364,0.0044358438109191045
hist_vol_30d,54704,-5.77715663052225e-07,0.00011096419658315294,0.003944857422151393
garch_1_1_vol,57172,-2.031670774478996e-06,9.353629087406914e-05,0.003391214047476665
garch_1_2_vol,57172,-2.0313315848873697e-06,9.33983723266355e-05,0.0033332296804104433
garch_2_1_vol,57172,-2.0670830368785887e-06,9.354066933367544e-05,0.0033902017438306453
garch_2_2_vol,57172,-2.0302062106876526e-06,9.373897722869785e-05,0.0033764182433237977
