liquidity_group,n,bias,mae,rmse,mape
low,18376,-0.008007468452112781,0.021430002328893916,0.032302085485107865,0.15920825958384882
medium,18195,-0.005196532739529719,0.016086066799911376,0.025388019152370038,0.3903107177616757
high,18133,-0.0029571092091729536,0.009539764494441235,0.014474541575883288,0.44855039209924996
