call_put,n,mae,rmse,mape,smape,mean_error
C,26016.0,0.009310472869362802,0.013681610559899532,0.2518601193628391,0.3748251211870356,-0.005369535731600801
P,27033.0,0.012870114742744552,0.02140494640207139,0.2702992188080152,0.4025323155351867,-0.011793549623466678
