moneyness_bucket,n,mae,rmse,mape,smape,mean_error
S/K<=0.90,6851.0,0.011234829596006687,0.019906175140308364,0.4344533308309862,0.7555357773362829,-0.010844944545710918
0.90-0.97,12974.0,0.012474397122920386,0.02102114253579649,0.22172633877785006,0.2999867702433064,-0.010320198466459467
0.97-1.03,12521.0,0.012627532829590787,0.019130846830074214,0.1413715394840417,0.15196734683287783,-0.008197287891169061
1.03-1.10,12863.0,0.010621156751271298,0.015919753830075226,0.22004570233976206,0.29985484755889535,-0.007625374579775417
S/K>1.10,7840.0,0.0072190242760250215,0.011095930221142565,0.43440222493338476,0.7404446960653764,-0.006325569346047375
