maturity_bucket,n,mae,rmse,mape,smape,mean_error
1-7d,2943.0,0.0015553439970189596,0.0027595704705228037,0.5190987981268433,0.9721888481369686,-0.0011784826071500065
8-30d,10033.0,0.0034923232538820875,0.007160558805984002,0.3535363846112101,0.598635047324859,-0.0026399433639092192
31-90d,18189.0,0.007837867551175699,0.012510513360777556,0.24090236906676585,0.3483353728262358,-0.005880351002772269
90d+,21884.0,0.018641941351315822,0.025177078863925038,0.20119174496132883,0.24812544015951402,-0.014695500735337812
