maturity_bucket,n,mae,rmse,mape,smape,mean_error
1-7d,2943.0,0.0015602509358237137,0.0027733223744117264,0.5193829755349175,0.9724344126103193,-0.0011754121803204131
8-30d,10033.0,0.00349679022440084,0.007165394273294817,0.35379789862229083,0.5990398124426692,-0.002642073381674883
31-90d,18189.0,0.00784479867000311,0.012518844496030145,0.24106321122350266,0.3485426213565054,-0.005881243763970156
90d+,21884.0,0.018643140674621334,0.025184254974210188,0.2011856463881762,0.2481136887323191,-0.014688694035486985
