call_put,n,mae,rmse,mape,smape,mean_error
C,26016.0,0.009316064388810288,0.013691853672296951,0.25198389642302094,0.3749746419194552,-0.005367370583598057
P,27033.0,0.012872560101296721,0.02140954807474406,0.270411378649744,0.4026953107107783,-0.011791180049479908
