maturity_bucket,n,mae,rmse,mape,smape,mean_error
1-7d,2943.0,0.002849854873431334,0.007604971140153942,0.6741927921795741,1.0964645659921801,-0.0010968316072473992
8-30d,9999.0,0.0077853645226214074,0.013819706923420083,0.6387893490075269,0.8626708242843422,-0.0030123894109658008
31-90d,18127.0,0.01909886408627729,0.030938292040104426,0.5540933068229695,0.7423984499946442,-0.00853759201192154
90d+,21842.0,0.044206253309162696,0.06172793324276794,0.5105365805921631,0.666689551805352,-0.02217637717578663
