moneyness_bucket,n,mae,rmse,mape,smape,mean_error
S/K<=0.90,6835.0,0.01797956974942059,0.03841041564303413,0.770683682311495,0.9205000520642612,-0.005214881341520626
0.90-0.97,12936.0,0.029432435422498824,0.047812516682888176,0.5175765155341399,0.7138059678069748,-0.015632908613831164
0.97-1.03,12493.0,0.03719779841097954,0.05278048658846654,0.4398063338188205,0.5767071798343635,-0.02060962499234876
1.03-1.10,12827.0,0.025156110163806825,0.04072595442233086,0.4992056890307385,0.7187506298960413,-0.01143508458583376
S/K>1.10,7820.0,0.013679438918494612,0.02975198847438441,0.7296405088286746,1.0130948466191898,-0.0038953098470963423
