call_put,n,mae,rmse,mape,smape,mean_error
C,25942.0,0.024781753565969677,0.0423215584849991,0.5531361632309582,0.7133030753525884,-0.00955049724539457
P,26969.0,0.02799891823265581,0.04564578814828621,0.5642454339295943,0.7922993919879379,-0.01574871957706936
