maturity_bucket,n,mae,rmse,mape,smape,mean_error
1-7d,4354.0,0.02939991733820459,0.0817630900448148,0.7366053270716855,1.337759345107492,-0.0283634785979864
8-30d,14657.0,0.030626902832053663,0.07752526665410459,0.6278806428262296,1.135614016417638,-0.029026700369223207
31-90d,25717.0,0.03859417949137855,0.08080141456838237,0.6261178626663583,0.9960136085419975,-0.03165690618975686
90d+,31744.0,0.05916327412557894,0.10004774261587752,0.5617731826786089,0.9309218214945975,-0.047952515128771654
