call_put,n,mae,rmse,mape,smape,mean_error
C,25646.0,0.01688465381338365,0.029458299609844005,0.4047893112921247,0.5224761102475762,-0.004694165378353968
P,26732.0,0.020555295366459423,0.033595070358667614,0.4442849710740554,0.6009803415345079,-0.011218242203727748
