call_put,n,mae,rmse,mape,smape,mean_error
C,23566.0,0.011854405836302324,0.018402763478062325,0.2969606749593761,0.41401626088736604,-0.0016191094533101332
P,48872.0,0.0581080112047044,0.1075628717173503,0.6633483993679532,1.2208447054574285,-0.05487696861749482
