maturity_bucket,n,mae,rmse,mape,smape,mean_error
1-7d,2616.0,0.0016821229163214901,0.0031413865185120765,0.5555145334314425,0.9725788532159838,-0.00089243738106528
8-30d,9184.0,0.0043941897198330315,0.008506233789501478,0.4176015923911277,0.6278388745995394,-0.0012994051831571546
31-90d,16600.0,0.009492666052393461,0.014493684756564321,0.29428704121543314,0.4071399837132647,-0.003879343328307535
90d+,19944.0,0.02264287038942311,0.030570258919654085,0.2585038474358828,0.3097787719489336,-0.008833104602146653
