moneyness_bucket,n,mae,rmse,mape,smape,mean_error
S/K<=0.90,5641.0,0.012015553718997202,0.02059777573449183,0.45655996141862787,0.7650373459554438,-0.008831448162288818
0.90-0.97,11978.0,0.01556423793869137,0.025167565333253605,0.29368813939631894,0.3802975148784887,-0.00752879475094714
0.97-1.03,11558.0,0.016253719135188888,0.024025545086204,0.19624285596650456,0.2086256952404769,-0.004549927353600538
1.03-1.10,11687.0,0.013206922561845944,0.020517243963417656,0.2981418015269859,0.38019322739143796,-0.0034943516834463955
S/K>1.10,7480.0,0.007688016731165036,0.012898044235505121,0.4656998959432989,0.7381947494468644,-0.0028620641361538643
