call_put,n,mae,rmse,mape,smape,mean_error
C,24796.0,0.010749245523874242,0.01590384312881957,0.2860590145456205,0.40458893973073895,-0.0027847364100929625
P,25973.0,0.013307633580801928,0.02116242525260198,0.31171857861710917,0.44446298357981634,-0.009704481698389358
