maturity_bucket,n,mae,rmse,mape,smape,mean_error
1-7d,2772.0,0.001720686375867749,0.003059471973700145,0.5307895412893175,0.9807655690368808,-0.001131482790407913
8-30d,9701.0,0.004337755658095481,0.008232394586244536,0.3999277464033152,0.6457674583149989,-0.0020654181667948655
31-90d,17310.0,0.010152458417925038,0.015071226524688758,0.3140539693178491,0.4192044590974591,-0.0041415643721544595
90d+,20986.0,0.018564190103725443,0.025163562828874875,0.20976194043128119,0.25428966761750293,-0.010780580194598802
